_id,OBJECTID,TCDSB_CODE,SCH_NAME,ADDRESS_FULL,MUNICIPALITY,POSTAL_CODE,TCDSB_LEVEL,STATUS,geometry
1,1,299,Annunciation,65 Avonwick Gt,North York,M3A 2M8,E,Open,"{u'type': u'Point', u'coordinates': (-79.3212678163, 43.7533508868)}"
2,2,290,All Saints,1435 Royal York Rd,Etobicoke,M9P 3A7,E,Open,"{u'type': u'Point', u'coordinates': (-79.5271629295, 43.6856179199)}"
3,3,222,St. Martin Program,55 Salisbury Ave,former Toronto,M4X 1C5,AL,Open,"{u'type': u'Point', u'coordinates': (-79.3644258453, 43.6671745304)}"
4,4,545,Bishop Marrocco-Thomas Merton,1515 Bloor St W,former Toronto,M6P 1A3,S,Open,"{u'type': u'Point', u'coordinates': (-79.4518077137, 43.6558578336)}"
5,5,549,Bishop Allen Academy,721 Royal York Rd,Etobicoke,M8Y 2T3,S,Open,"{u'type': u'Point', u'coordinates': (-79.5044646757, 43.6344279206)}"
6,6,555,St Oscar Romero,99 Humber Blvd,York,M6N 2H4,S,Open,"{u'type': u'Point', u'coordinates': (-79.4807968138, 43.680332876)}"
7,7,519,Blessed Cardinal Newman,100 Brimley Rd S,Scarborough,M1M 3X4,S,Open,"{u'type': u'Point', u'coordinates': (-79.2400642322, 43.7149222658)}"
8,8,409,Blessed Margherita of Citta Castello,108 Spenvalley Dr,North York,M3L 1Z5,E,Open,"{u'type': u'Point', u'coordinates': (-79.5079140444, 43.7436724725)}"
9,9,456,Blessed Pier Giorgio Frassati,8 Seasons Dr,Scarborough,M1X 1X4,E,Open,"{u'type': u'Point', u'coordinates': (-79.2327375191, 43.8298752035)}"
10,10,374,St Paul VI,270 Laughton Ave,former Toronto,M6N 2X8,E,Open,"{u'type': u'Point', u'coordinates': (-79.4577930288, 43.6740129018)}"
11,11,226,Blessed Sacrament,24 Bedford Park Ave,former Toronto,M5M 1H9,E,Open,"{u'type': u'Point', u'coordinates': (-79.4039975154, 43.7274816104)}"
12,12,289,Blessed Trinity,3205 Bayview Ave,North York,M2K 1G3,E,Open,"{u'type': u'Point', u'coordinates': (-79.3918262, 43.7868975436)}"
13,13,508,Brebeuf College,211 Steeles Ave E,North York,M2M 3Y6,S,Open,"{u'type': u'Point', u'coordinates': (-79.40303816, 43.8015161658)}"
14,14,251,Canadian Martyrs,520 Plains Rd,East York,M4C 2Z1,E,Open,"{u'type': u'Point', u'coordinates': (-79.3193386362, 43.6981999204)}"
15,15,556e,Cardinal Carter Academy (Elem),36 Greenfield Ave,North York,M2N 3C8,E,Open,"{u'type': u'Point', u'coordinates': (-79.4097615824, 43.7640950103)}"
16,16,556,Cardinal Carter Academy (Sec),36 Greenfield Ave,North York,M2N 3C8,S,Open,"{u'type': u'Point', u'coordinates': (-79.4097615824, 43.7640950103)}"
17,17,419,Cardinal Leger,600 Morrish Rd,Scarborough,M1C 4Y1,E,Open,"{u'type': u'Point', u'coordinates': (-79.1757079145, 43.7930958018)}"
18,18,407,Catholic Education Centre,80 Sheppard Ave E,North York,M2N 6E8,ADM,Open,"{u'type': u'Point', u'coordinates': (-79.408095975, 43.7628440941)}"
19,19,509,Chaminade College,490 Queen's Dr,North York,M6L 1M8,S,Open,"{u'type': u'Point', u'coordinates': (-79.496059458, 43.710090959)}"
20,20,522,Dante Alighieri Academy,60 Playfair Ave,North York,M6B 2P9,S,Open,"{u'type': u'Point', u'coordinates': (-79.4583698316, 43.7100774152)}"
21,21,426,Dante Alighieri Beatrice Campus (Temp),50 Ameer Ave,North York,M6A 2L3,AL,Open,"{u'type': u'Point', u'coordinates': (-79.4413554537, 43.728972914)}"
22,22,318,D'Arcy McGee,20 Bansley Ave,York,M6E 2A2,E,Open,"{u'type': u'Point', u'coordinates': (-79.4429115845, 43.69225563)}"
23,23,378,Epiphany of Our Lord Academy,3150 Pharmacy Ave,Scarborough,M1W 3J5,E,Open,"{u'type': u'Point', u'coordinates': (-79.328940246, 43.7989580963)}"
24,24,521,Father Henry Carr,1760 Martin Grove Rd,Etobicoke,M9V 3S4,S,Open,"{u'type': u'Point', u'coordinates': (-79.5923775468, 43.7358424757)}"
25,25,540,Father John Redmond,28 Colonel Samuel Smith Park Dr,Etobicoke,M8V 4B7,S,Open,"{u'type': u'Point', u'coordinates': (-79.5165387693, 43.5951413486)}"
26,26,391,Father Serra,111 Sun Row Dr,Etobicoke,M9P 3J3,E,Open,"{u'type': u'Point', u'coordinates': (-79.5368446799, 43.6862434283)}"
27,27,524,Francis Libermann,4640 Finch Ave E,Scarborough,M1S 4G2,S,Open,"{u'type': u'Point', u'coordinates': (-79.2743078385, 43.8073923412)}"
28,28,329,Holy Angels,65 Jutland Rd,Etobicoke,M8Z 2G6,E,Open,"{u'type': u'Point', u'coordinates': (-79.5176572602, 43.6284092591)}"
29,29,242,Holy Cross,299A Donlands Ave,East York,M4J 3R7,E,Open,"{u'type': u'Point', u'coordinates': (-79.3406763526, 43.6899875599)}"
30,30,433,Holy Child,850 Humberwood Blvd,Etobicoke,M9W 7A6,E,Open,"{u'type': u'Point', u'coordinates': (-79.6191818734, 43.7288858668)}"
31,31,215,Holy Name,690 Carlaw Ave,former Toronto,M4K 3K9,E,Open,"{u'type': u'Point', u'coordinates': (-79.3472848351, 43.677347502)}"
32,32,212,Holy Family,141 Close Ave,former Toronto,M6K 2V6,E,Open,"{u'type': u'Point', u'coordinates': (-79.4349109975, 43.6387502239)}"
33,33,225,Holy Rosary,308 Tweedsmuir Ave,York,M5P 2Y1,E,Open,"{u'type': u'Point', u'coordinates': (-79.414045331, 43.685047312)}"
34,34,282,Holy Spirit,3530 Sheppard Ave E,Scarborough,M1T 3K7,E,Open,"{u'type': u'Point', u'coordinates': (-79.3030962421, 43.7812077533)}"
35,195,338,St Victor,20 Bernadine St,Scarborough,M1P 4M2,E,Open,"{u'type': u'Point', u'coordinates': (-79.2591053695, 43.7690571563)}"
36,35,281,Immaculate Conception,23 Comay Rd,North York,M6M 2K9,E,Open,"{u'type': u'Point', u'coordinates': (-79.4778216965, 43.6976801383)}"
37,36,272,Immaculate Heart of Mary,101 Birchmount Rd,Scarborough,M1N 3J7,E,Open,"{u'type': u'Point', u'coordinates': (-79.2624580005, 43.6961447952)}"
38,37,527,James Cardinal McGuigan,1440 Finch Ave W,North York,M3J 3G3,S,Open,"{u'type': u'Point', u'coordinates': (-79.4937985997, 43.7632895738)}"
39,38,325,James Culnan,605 Willard Ave,York,M6S 3S1,E,Open,"{u'type': u'Point', u'coordinates': (-79.4855842505, 43.661107119)}"
40,39,554,Jean Vanier,959 Midland Ave,Scarborough,M1K 4G4,S,Open,"{u'type': u'Point', u'coordinates': (-79.258414356, 43.737939927)}"
41,40,413,Josyf Cardinal Slipyj,35 West Deane Park Dr,Etobicoke,M9B 2R5,E,Open,"{u'type': u'Point', u'coordinates': (-79.5660253981, 43.6594751992)}"
42,41,510,Loretto Abbey,101 Mason Blvd,North York,M5M 3E2,S,Open,"{u'type': u'Point', u'coordinates': (-79.4106565596, 43.7412963243)}"
43,42,511,Loretto College,151 Rosemount Ave,former Toronto,M6H 2N1,S,Open,"{u'type': u'Point', u'coordinates': (-79.4432469398, 43.6757367137)}"
44,43,506,Madonna,20 Dubray Ave,North York,M3K 1V5,S,Open,"{u'type': u'Point', u'coordinates': (-79.4774808014, 43.7295150847)}"
45,44,544,Mary Ward,3200 Kennedy Rd,Scarborough,M1V 3S8,S,Open,"{u'type': u'Point', u'coordinates': (-79.3039400657, 43.8157534238)}"
46,45,561,Marshall McLuhan,1107 Avenue Rd,former Toronto,M5N 3B1,S,Open,"{u'type': u'Point', u'coordinates': (-79.409735163, 43.7076002457)}"
47,46,535,Monsignor Percy Johnson,2170 Kipling Ave,Etobicoke,M9W 4K9,S,Open,"{u'type': u'Point', u'coordinates': (-79.5720168732, 43.7206946675)}"
48,47,529,Michael Power-St Joseph,105 Eringate Dr,Etobicoke,M9C 3Z7,S,Open,"{u'type': u'Point', u'coordinates': (-79.5819840831, 43.6592899897)}"
49,48,340,Mother Cabrini,720 Renforth Dr,Etobicoke,M9C 2N9,E,Open,"{u'type': u'Point', u'coordinates': (-79.5863080877, 43.663778108)}"
50,49,343,MSGR Fraser College - Annex Campus,700 Markham St,former Toronto,M6G 2M3,AL,Open,"{u'type': u'Point', u'coordinates': (-79.4137512495, 43.6672550542)}"
51,50,533,MSGR Fraser College - Isabella Campus,146 Isabella St,former Toronto,M4Y 1P6,AL,Open,"{u'type': u'Point', u'coordinates': (-79.3771533743, 43.6697994649)}"
52,51,533,MSGR Fraser College - Isabella North,25 Linden St,former Toronto,M4Y 1V5,AL,Open,"{u'type': u'Point', u'coordinates': (-79.3771446424, 43.6702989123)}"
53,52,565,MSGR Fraser College - Midtown Campus,36 Eglinton Ave W,former Toronto,M4R 1A1,AL,Open,"{u'type': u'Point', u'coordinates': (-79.399960754, 43.7065950023)}"
54,53,567,MSGR Fraser College - Southwest,319 Ossington Ave,former Toronto,M6J 3A6,AL,Open,"{u'type': u'Point', u'coordinates': (-79.421016185, 43.6516313657)}"
55,54,364,MSGR Fraser College - Scarborough Campus,2900 Midland Ave,Scarborough,M1S 3K8,AL,Open,"{u'type': u'Point', u'coordinates': (-79.285717492, 43.8010691647)}"
56,55,526,MSGR Fraser College - Norfinch Campus,45 Norfinch Dr,North York,M3N 1W8,AL,Open,"{u'type': u'Point', u'coordinates': (-79.5270429515, 43.7578095275)}"
57,56,399,MSGR John Corrigan,100 Royalcrest Rd,Etobicoke,M9V 5B4,E,Open,"{u'type': u'Point', u'coordinates': (-79.6050136937, 43.7515700508)}"
58,57,288,Nativity of Our Lord,35 Saffron Cres,Etobicoke,M9C 3T8,E,Open,"{u'type': u'Point', u'coordinates': (-79.5753701768, 43.653123242)}"
59,58,502,Neil McNeil,127 Victoria Park Ave,Scarborough,M4E 3S2,S,Open,"{u'type': u'Point', u'coordinates': (-79.2830971458, 43.6792348546)}"
60,59,501,Notre Dame,12 Malvern Ave,former Toronto,M4E 3E1,S,Open,"{u'type': u'Point', u'coordinates': (-79.2931313771, 43.6806857788)}"
61,60,252,Our Lady of Fatima,3176 St Clair Ave E,Scarborough,M1L 1V6,E,Open,"{u'type': u'Point', u'coordinates': (-79.2936158401, 43.7101599387)}"
62,61,372,Our Lady of Grace,121 Brimwood Blvd,Scarborough,M1V 1E5,E,Open,"{u'type': u'Point', u'coordinates': (-79.2750940199, 43.8121193098)}"
63,62,342,Our Lady of Guadalupe,3105 Don Mills Rd,North York,M2J 3C2,E,Open,"{u'type': u'Point', u'coordinates': (-79.3533482303, 43.7898742437)}"
64,63,221,Our Lady of Lourdes,444 Sherbourne St,former Toronto,M4X 1K2,E,Open,"{u'type': u'Point', u'coordinates': (-79.3746955628, 43.6660434935)}"
65,64,253,Our Lady of Peace,70 Mattice Ave,Etobicoke,M9B 1T6,E,Open,"{u'type': u'Point', u'coordinates': (-79.5410781547, 43.646512249)}"
66,65,360,Administrative Building,270 Cherokee Blvd,North York,M2H 3B9,ADM,Open,"{u'type': u'Point', u'coordinates': (-79.3368020983, 43.796613926)}"
67,66,246,Our Lady of Sorrows,32 Montgomery Rd,Etobicoke,M8X 1Z4,E,Open,"{u'type': u'Point', u'coordinates': (-79.5183250387, 43.6480145208)}"
68,67,265,Our Lady of the Assumption,125 Glenmount Ave,North York,M6B 3C2,E,Open,"{u'type': u'Point', u'coordinates': (-79.4312829967, 43.7161894023)}"
69,68,347,Pope Francis,319 Ossington Ave,former Toronto,M6J 3A6,E,Open,"{u'type': u'Point', u'coordinates': (-79.421016185, 43.6516313657)}"
70,69,273,Our Lady of Wisdom,10 Japonica Rd,Scarborough,M1R 4R7,E,Open,"{u'type': u'Point', u'coordinates': (-79.3081887283, 43.7621087801)}"
71,70,416,Prince of Peace,255 Alton Towers Crcl,Scarborough,M1V 4E7,E,Open,"{u'type': u'Point', u'coordinates': (-79.2789443072, 43.8253890671)}"
72,71,258,Precious Blood,1035 Pharmacy Ave,Scarborough,M1R 2G8,E,Open,"{u'type': u'Point', u'coordinates': (-79.3022374245, 43.7393564303)}"
73,72,362,Regina Mundi,70 Playfair Ave,North York,M6B 2P9,E,Open,"{u'type': u'Point', u'coordinates': (-79.4595864347, 43.7098151048)}"
74,73,415,Sacred Heart,75 Hupfield Trl,Scarborough,M1B 4S3,E,Open,"{u'type': u'Point', u'coordinates': (-79.2201440044, 43.8121839994)}"
75,74,368,Santa Maria,25 Avon Ave,York,M6N 4X8,E,Open,"{u'type': u'Point', u'coordinates': (-79.4776808903, 43.6809732936)}"
76,75,505,Senator O'Connor College,60 Rowena Dr,North York,M3A 3R2,S,Open,"{u'type': u'Point', u'coordinates': (-79.3173685459, 43.7508272676)}"
77,76,302,St Agatha,49 Cathedral Bluffs Dr,Scarborough,M1M 2T6,E,Open,"{u'type': u'Point', u'coordinates': (-79.229820871, 43.7236402003)}"
78,77,345,St Agnes,280 Otonabee Ave,North York,M2M 2T2,E,Open,"{u'type': u'Point', u'coordinates': (-79.4026042497, 43.7985754806)}"
79,78,350,St Aidan,3521 Finch Ave E,Scarborough,M1W 2S2,E,Open,"{u'type': u'Point', u'coordinates': (-79.3093665219, 43.7973794885)}"
80,79,335,St Albert,1125 Midland Ave,Scarborough,M1K 4H2,E,Open,"{u'type': u'Point', u'coordinates': (-79.2613663531, 43.7436088555)}"
81,80,326,St Alphonsus,60 Atlas Ave,York,M6C 3N9,E,Open,"{u'type': u'Point', u'coordinates': (-79.4322064448, 43.6829136857)}"
82,81,259,St Ambrose,20 Coules Crt,Etobicoke,M8W 2N9,E,Open,"{u'type': u'Point', u'coordinates': (-79.5501228703, 43.6083700983)}"
83,82,410,St Andre,36 Yvonne Ave,North York,M3L 1C9,E,Open,"{u'type': u'Point', u'coordinates': (-79.5176329079, 43.7239945099)}"
84,83,295,St Andrew,2533 Kipling Ave,Etobicoke,M9V 3A8,E,Open,"{u'type': u'Point', u'coordinates': (-79.5823817818, 43.7449311405)}"
85,84,243,St Anselm,182 Bessborough Dr,East York,M4G 4H5,E,Open,"{u'type': u'Point', u'coordinates': (-79.3715951605, 43.7053943858)}"
86,85,361,St Angela,220 Mount Olive Dr,Etobicoke,M9V 3Z5,E,Open,"{u'type': u'Point', u'coordinates': (-79.5968670685, 43.7544228302)}"
87,86,210,St Anthony,130 Shanly St,former Toronto,M6H 1L9,E,Open,"{u'type': u'Point', u'coordinates': (-79.4349688425, 43.6637035201)}"
88,87,339,St Antoine Daniel,160 Finch Ave W,North York,M2N 2J2,E,Open,"{u'type': u'Point', u'coordinates': (-79.4298447653, 43.7770108313)}"
89,88,274,St Barbara,25 Janray Dr,Scarborough,M1G 1Y2,E,Open,"{u'type': u'Point', u'coordinates': (-79.218758433, 43.7623121845)}"
90,89,328,St Augustine of Canterbury,98 Shoreham Dr,North York,M3N 1S9,E,Open,"{u'type': u'Point', u'coordinates': (-79.5250642852, 43.7682365171)}"
91,90,351,St Barnabas,30 Washburn Way,Scarborough,M1B 1H3,E,Open,"{u'type': u'Point', u'coordinates': (-79.2285119175, 43.7972412194)}"
92,91,334,St Bartholomew,51 Heather Rd,Scarborough,M1S 2E2,E,Open,"{u'type': u'Point', u'coordinates': (-79.2716183743, 43.7896034059)}"
93,92,425,St Bede,521 Sewell's Rd,Scarborough,M1B 5H3,E,Open,"{u'type': u'Point', u'coordinates': (-79.2065477033, 43.8179789082)}"
94,93,513,St Basil the Great College,20 Starview Lane,North York,M9M 3B2,S,Open,"{u'type': u'Point', u'coordinates': (-79.5334506921, 43.7271680899)}"
95,94,267,St Benedict,2202 Kipling Ave,Etobicoke,M9W 4K9,E,Open,"{u'type': u'Point', u'coordinates': (-79.5733227729, 43.7230437931)}"
96,95,261,St Bernard,12 Duckworth St,North York,M6M 4W4,E,Open,"{u'type': u'Point', u'coordinates': (-79.5006078701, 43.7025062197)}"
97,96,263,St Bonaventure,1340 Leslie St,North York,M3C 2K9,E,Open,"{u'type': u'Point', u'coordinates': (-79.3562536368, 43.7330323497)}"
98,97,277,St Boniface,20 Markanna Dr,Scarborough,M1M 2J1,E,Open,"{u'type': u'Point', u'coordinates': (-79.2199730155, 43.74092025)}"
99,98,359,St Brendan,186 Centennial Rd,Scarborough,M1C 1Z9,E,Open,"{u'type': u'Point', u'coordinates': (-79.1492505532, 43.7825469523)}"
100,99,235,St Brigid,50 Woodmount Ave,former Toronto,M4C 3X9,E,Open,"{u'type': u'Point', u'coordinates': (-79.3168992947, 43.6869489511)}"
101,100,376,St Bruno/St Raymond,402 Melita Cres,former Toronto,M6G 3X6,E,Open,"{u'type': u'Point', u'coordinates': (-79.4270629278, 43.6732399454)}"
102,101,316,St Catherine,30 Roanoke Rd,North York,M3A 1E9,E,Open,"{u'type': u'Point', u'coordinates': (-79.3247390775, 43.7423352675)}"
103,102,218,St Cecilia,355 Annette St,former Toronto,M6P 1R3,E,Open,"{u'type': u'Point', u'coordinates': (-79.4745260503, 43.6610997708)}"
104,103,363,St Charles Garnier,20 Stong Crt,North York,M3N 2X9,E,Open,"{u'type': u'Point', u'coordinates': (-79.5181417246, 43.7625956882)}"
105,104,250,St Charles,50 Claver Ave,North York,M6B 2W1,E,Open,"{u'type': u'Point', u'coordinates': (-79.4513506942, 43.7132818927)}"
106,105,214,St Clare,124 Northcliffe Blvd,York,M6E 3K4,E,Open,"{u'type': u'Point', u'coordinates': (-79.4415515857, 43.6794114666)}"
107,106,307,St Clement,4319 Bloor St W,Etobicoke,M9C 2A2,E,Open,"{u'type': u'Point', u'coordinates': (-79.5738081912, 43.6322472865)}"
108,107,380,St Columba,10 John Tabor Trl,Scarborough,M1B 1M9,E,Open,"{u'type': u'Point', u'coordinates': (-79.2118274058, 43.8061934479)}"
109,108,396,St Conrad,5 Exbury Rd,North York,M3M 0A8,E,Open,"{u'type': u'Point', u'coordinates': (-79.4934542896, 43.7300852556)}"
110,109,270,St Cyril,18 Kempford Blvd,North York,M2N 2B9,E,Open,"{u'type': u'Point', u'coordinates': (-79.4167011773, 43.7770522703)}"
111,110,384,St Demetrius,125 La Rose Ave,Etobicoke,M9P 1A6,E,Open,"{u'type': u'Point', u'coordinates': (-79.5219659421, 43.6846542137)}"
112,111,310,St Denis,67 Balsam Ave,former Toronto,M4E 3B8,E,Open,"{u'type': u'Point', u'coordinates': (-79.2899076163, 43.6729983467)}"
113,112,467,St Dominic Savio,50 Tideswell Blvd,Scarborough,M1B 5X3,E,Open,"{u'type': u'Point', u'coordinates': (-79.1560238706, 43.798284371)}"
114,113,341,St Dorothy,155 John Garland Blvd,Etobicoke,M9V 1N7,E,Open,"{u'type': u'Point', u'coordinates': (-79.5917397331, 43.7314927044)}"
115,114,241,St Dunstan,14 Pharmacy Ave,Scarborough,M1L 3E4,E,Open,"{u'type': u'Point', u'coordinates': (-79.2842391958, 43.6934291968)}"
116,115,278,St Elizabeth,5 Redcar Ave,Etobicoke,M9B 1J8,E,Open,"{u'type': u'Point', u'coordinates': (-79.557456708, 43.6349426973)}"
117,116,356,St Edmund Campion,30 Highcastle Rd,Scarborough,M1E 4N1,E,Open,"{u'type': u'Point', u'coordinates': (-79.2160907154, 43.7880316849)}"
118,117,386,St Elizabeth Seton,25 Havenview Rd,Scarborough,M1S 3A4,E,Open,"{u'type': u'Point', u'coordinates': (-79.2467058263, 43.7889512449)}"
119,118,337,St Eugene,30 Westroyal Rd,Etobicoke,M9P 2C3,E,Open,"{u'type': u'Point', u'coordinates': (-79.5374917352, 43.6926028071)}"
120,119,358,St Fidelis,9 Bannerman St,North York,M6L 2S5,E,Open,"{u'type': u'Point', u'coordinates': (-79.4849484851, 43.7172875164)}"
121,120,385,St Florence,101 Murison Blvd,Scarborough,M1B 2L6,E,Open,"{u'type': u'Point', u'coordinates': (-79.2070022817, 43.7984139638)}"
122,121,206,St Francis of Assisi,80 Clinton St,former Toronto,M6G 2Y3,E,Open,"{u'type': u'Point', u'coordinates': (-79.4146281224, 43.656199867)}"
123,122,366,St Francis de Sales,333 Firgrove Cres,North York,M3N 1K9,E,Open,"{u'type': u'Point', u'coordinates': (-79.5191245071, 43.7541329146)}"
124,123,271,St Francis Xavier,53 Gracefield Ave,North York,M6L 1L3,E,Open,"{u'type': u'Point', u'coordinates': (-79.4834070612, 43.7108495114)}"
125,124,256,St Gabriel,396 Spring Garden Ave,North York,M2N 3H5,E,Open,"{u'type': u'Point', u'coordinates': (-79.391341384, 43.7693579031)}"
126,125,377,St Gabriel Lalemant,160 Crow Trl,Scarborough,M1B 1Y3,E,Open,"{u'type': u'Point', u'coordinates': (-79.2267274764, 43.8127036322)}"
127,126,319,St Gerald,200 Old Sheppard Ave,North York,M2J 3L9,E,Open,"{u'type': u'Point', u'coordinates': (-79.3263798212, 43.7807132742)}"
128,127,262,St Gregory,126 Rathburn Rd,Etobicoke,M9B 2K6,E,Open,"{u'type': u'Point', u'coordinates': (-79.5450212069, 43.6596389371)}"
129,128,395,St Henry,100 Bamburgh Crcl,Scarborough,M1W 3R3,E,Open,"{u'type': u'Point', u'coordinates': (-79.3283162129, 43.8136430886)}"
130,129,208,St Helen,1196 College St,former Toronto,M6H 1B8,E,Open,"{u'type': u'Point', u'coordinates': (-79.4361563219, 43.6520845728)}"
131,130,365,St Ignatius of Loyola,2350 McCowan Rd,Scarborough,M1S 4B4,E,Open,"{u'type': u'Point', u'coordinates': (-79.2654132925, 43.8035784903)}"
132,131,315,St Isaac Jogues,1330 York Mills Rd,North York,M3A 1Z8,E,Open,"{u'type': u'Point', u'coordinates': (-79.3219601731, 43.7623253431)}"
133,132,275,St James,230 Humbercrest Blvd,York,M6S 4L3,E,Open,"{u'type': u'Point', u'coordinates': (-79.4953978793, 43.6646736907)}"
134,133,296,St Jane Frances,2745 Jane St,North York,M3L 2E8,E,Open,"{u'type': u'Point', u'coordinates': (-79.5131656491, 43.7421481635)}"
135,134,294,St Jerome,111 Sharpecroft Blvd,North York,M3J 1P5,E,Open,"{u'type': u'Point', u'coordinates': (-79.4885418787, 43.7488344019)}"
136,135,394,St Jean De Brebeuf,101 Dean Park Rd,Scarborough,M1B 2X2,E,Open,"{u'type': u'Point', u'coordinates': (-79.1740409798, 43.8025138393)}"
137,136,220,St John,780 Kingston Rd,former Toronto,M4E 1R7,E,Open,"{u'type': u'Point', u'coordinates': (-79.2945686729, 43.6802243803)}"
138,137,292,St Joachim,3395 St Clair Ave E,Scarborough,M1L 1W3,E,Open,"{u'type': u'Point', u'coordinates': (-79.2751440726, 43.7128252837)}"
139,138,305,St John Bosco,75 Holmesdale Rd,York,M6E 1Y2,E,Open,"{u'type': u'Point', u'coordinates': (-79.4505577406, 43.6887157871)}"
140,139,531,St John Paul II,685 Military Trl,Scarborough,M1E 4P6,S,Open,"{u'type': u'Point', u'coordinates': (-79.1995514139, 43.7897226172)}"
141,140,392,St John Vianney,105 Thistle Down Blvd,Etobicoke,M9V 1J5,E,Open,"{u'type': u'Point', u'coordinates': (-79.5538462104, 43.7379759108)}"
142,141,348,St John XXIII,175 Grenoble Dr,North York,M3C 3E7,E,Open,"{u'type': u'Point', u'coordinates': (-79.3298478904, 43.712453972)}"
143,142,209,St Joseph,176 Leslie St,former Toronto,M4M 3C7,E,Open,"{u'type': u'Point', u'coordinates': (-79.3318905489, 43.6658080725)}"
144,143,516,St Josephs Morrow Park,3379 Bayview Ave,North York,M2M 3S4,S,Open,"{u'type': u'Point', u'coordinates': (-79.3948121631, 43.7988403548)}"
145,144,514,St Josephs College,74 Wellesley St W,former Toronto,M5S 1C4,S,Open,"{u'type': u'Point', u'coordinates': (-79.3888646583, 43.6644368621)}"
146,145,393,St Kateri,70 Margaret Ave,North York,M2J 4C5,E,Open,"{u'type': u'Point', u'coordinates': (-79.3380515909, 43.7858197125)}"
147,146,279,St Jude,3251 Weston Rd,North York,M9M 2T9,E,Open,"{u'type': u'Point', u'coordinates': (-79.5392565397, 43.7404844802)}"
148,147,264,St Lawrence,2216 Lawrence Ave E,Scarborough,M1P 2P9,E,Open,"{u'type': u'Point', u'coordinates': (-79.2799208447, 43.7493063882)}"
149,148,300,St Kevin,15 Murray Glen Dr,Scarborough,M1R 3J6,E,Open,"{u'type': u'Point', u'coordinates': (-79.305857266, 43.7507067701)}"
150,149,333,St Leo,165 Stanley Ave,Etobicoke,M8V 1P1,E,Open,"{u'type': u'Point', u'coordinates': (-79.4962884514, 43.6142799914)}"
151,150,331,St Louis,11 Morgan Ave,Etobicoke,M8Y 2Z7,E,Open,"{u'type': u'Point', u'coordinates': (-79.5009553836, 43.6257451247)}"
152,151,370,St Luigi,2 Ruskin Ave,former Toronto,M6P 3P8,E,Open,"{u'type': u'Point', u'coordinates': (-79.4514701139, 43.6628755819)}"
153,152,336,St Malachy,80 Bennett Rd,Scarborough,M1E 3Y3,E,Open,"{u'type': u'Point', u'coordinates': (-79.1666344277, 43.7710204341)}"
154,153,311,St Marcellus,15 Denfield St,Etobicoke,M9R 3H2,E,Open,"{u'type': u'Point', u'coordinates': (-79.5542249529, 43.6797919364)}"
155,154,249,St Margaret,85 Carmichael Ave,North York,M5M 2X1,E,Open,"{u'type': u'Point', u'coordinates': (-79.4266255653, 43.7358292686)}"
156,155,381,St Marguerite Bourgeoys,75 Alexmuir Blvd,Scarborough,M1V 1H6,E,Open,"{u'type': u'Point', u'coordinates': (-79.2850919491, 43.8082306631)}"
157,156,260,St Maria Goretti,21 Kenmark Blvd,Scarborough,M1K 3N8,E,Open,"{u'type': u'Point', u'coordinates': (-79.2659221068, 43.7298353181)}"
158,157,332,St Mark,45 Cloverhill Rd,Etobicoke,M8Y 1T4,E,Open,"{u'type': u'Point', u'coordinates': (-79.4901975063, 43.6344998506)}"
159,158,344,St Martha,1865 Sheppard Ave W,North York,M3L 1Y5,E,Open,"{u'type': u'Point', u'coordinates': (-79.5023246555, 43.741068005)}"
160,159,286,St Martin De Porres,230 Morningside Ave,Scarborough,M1E 3E1,E,Open,"{u'type': u'Point', u'coordinates': (-79.1868218108, 43.7671285852)}"
161,160,205,St Mary,20 Portugal Sq,former Toronto,M6J 3P2,E,Open,"{u'type': u'Point', u'coordinates': (-79.4046349661, 43.645843806)}"
162,161,528,St Mary Catholic Academy,66 Dufferin Park Ave,former Toronto,M6H 1J6,S,Open,"{u'type': u'Point', u'coordinates': (-79.4321542871, 43.6577935997)}"
163,162,228,St Mary of the Angels,1477 Dufferin St,former Toronto,M6H 4C7,E,Open,"{u'type': u'Point', u'coordinates': (-79.440292705, 43.6721188639)}"
164,163,240,St Matthew,18 Lavender Rd,York,M6N 2B5,E,Open,"{u'type': u'Point', u'coordinates': (-79.4679428694, 43.6806702346)}"
165,164,357,St Matthias,101 Van Horne Ave,North York,M2J 2S8,E,Open,"{u'type': u'Point', u'coordinates': (-79.3594556324, 43.784890225)}"
166,165,379,St Maurice,45 Kingsview Blvd,Etobicoke,M9R 1T7,E,Open,"{u'type': u'Point', u'coordinates': (-79.5539328681, 43.6978127589)}"
167,166,412,St Maximilian Kolbe,100 Fundy Bay Blvd,Scarborough,M1W 3G1,ADM,Open,"{u'type': u'Point', u'coordinates': (-79.3166033667, 43.8093505389)}"
168,167,217,St Michael Choir Jr,66 Bond St,former Toronto,M5B 1X2,E,Open,"{u'type': u'Point', u'coordinates': (-79.378077078, 43.6550645831)}"
169,168,518,St Michael Choir Sr,67 Bond St,former Toronto,M5B 1X5,S,Open,"{u'type': u'Point', u'coordinates': (-79.3776872581, 43.655445743)}"
170,169,387,St Michael,50 George St S,former Toronto,M5A 4B2,E,Open,"{u'type': u'Point', u'coordinates': (-79.3696197131, 43.6478694115)}"
171,170,224,St Monica,14 Broadway Ave,former Toronto,M4P 1T4,E,Open,"{u'type': u'Point', u'coordinates': (-79.3976277049, 43.7101592754)}"
172,171,538,St Mother Teresa Catholic Academy,40 Sewell's Rd,Scarborough,M1B 3G5,S,Open,"{u'type': u'Point', u'coordinates': (-79.2148297686, 43.8096587992)}"
173,172,308,St Nicholas,33 Amarillo Dr,Scarborough,M1J 2P7,E,Open,"{u'type': u'Point', u'coordinates': (-79.2328554942, 43.7476437899)}"
174,173,355,St Nicholas of Bari,363 Rogers Rd,York,M6E 1R6,E,Open,"{u'type': u'Point', u'coordinates': (-79.4604931992, 43.6828243739)}"
175,174,309,St Norbert,60 Maniza Rd,North York,M3K 1R6,E,Open,"{u'type': u'Point', u'coordinates': (-79.4645000391, 43.7341002945)}"
176,175,283,St Paschal Baylon,15 St Paschal Crt,North York,M2M 1X6,E,Open,"{u'type': u'Point', u'coordinates': (-79.4313218881, 43.7922006899)}"
177,176,546,St Patrick,49 Felstead Ave,former Toronto,M4J 1G3,S,Open,"{u'type': u'Point', u'coordinates': (-79.3280036406, 43.678450322)}"
178,177,204,St Paul,80 Sackville St,former Toronto,M5A 3E5,E,Open,"{u'type': u'Point', u'coordinates': (-79.3617341875, 43.6554889408)}"
179,178,237,St Pius X,71 Jane St,former Toronto,M6S 3Y3,E,Open,"{u'type': u'Point', u'coordinates': (-79.4847133387, 43.6512772233)}"
180,179,285,St Raphael,3 Gade Dr,North York,M3M 2K2,E,Open,"{u'type': u'Point', u'coordinates': (-79.4884869452, 43.7285613409)}"
181,180,301,St Richard,960 Bellamy Rd N,Scarborough,M1H 1H1,E,Open,"{u'type': u'Point', u'coordinates': (-79.2402833917, 43.7683729377)}"
182,181,408,St Rene Goupil,44 Port Royal Trl,Scarborough,M1V 2G8,E,Open,"{u'type': u'Point', u'coordinates': (-79.2883031244, 43.8193483705)}"
183,182,216,St Rita,178 Edwin Ave,former Toronto,M6P 3Z9,E,Open,"{u'type': u'Point', u'coordinates': (-79.4564483358, 43.6661347664)}"
184,183,320,St Roch,174 Duncanwoods Dr,North York,M9L 2E3,E,Open,"{u'type': u'Point', u'coordinates': (-79.5667497159, 43.7537079717)}"
185,184,297,St Robert,70 Bainbridge Ave,North York,M3H 2K2,E,Open,"{u'type': u'Point', u'coordinates': (-79.4441451837, 43.7496575318)}"
186,185,354,St Sebastian,717 Brock Ave,former Toronto,M6H 3P1,E,Open,"{u'type': u'Point', u'coordinates': (-79.4399264681, 43.6627661509)}"
187,186,269,St Rose of Lima,3220 Lawrence Ave E,Scarborough,M1H 1A4,E,Open,"{u'type': u'Point', u'coordinates': (-79.2405599229, 43.7574823909)}"
188,187,383,St Simon,24 Strathburn Blvd,North York,M9M 2K3,E,Open,"{u'type': u'Point', u'coordinates': (-79.5329761661, 43.7188620936)}"
189,188,284,St Stephen,55 Golfdown Dr,Etobicoke,M9W 2H8,E,Open,"{u'type': u'Point', u'coordinates': (-79.5544458787, 43.7219220406)}"
190,189,373,St Sylvester,260 Silver Springs Blvd,Scarborough,M1V 1S4,E,Open,"{u'type': u'Point', u'coordinates': (-79.3022463993, 43.8053583872)}"
191,190,248,St Theresa Shrine,2665 Kingston Rd,Scarborough,M1M 1M2,E,Open,"{u'type': u'Point', u'coordinates': (-79.2424755892, 43.7156378599)}"
192,191,322,St Thomas More,2300 Ellesmere Rd,Scarborough,M1G 3M7,E,Open,"{u'type': u'Point', u'coordinates': (-79.2254548965, 43.7787033345)}"
193,192,236,St Thomas Aquinas,636 Glenholme Ave,York,M6E 3G9,E,Open,"{u'type': u'Point', u'coordinates': (-79.4457437831, 43.6958897058)}"
194,193,298,St Timothy,25 Rochelle Cres,North York,M2J 1Y3,E,Open,"{u'type': u'Point', u'coordinates': (-79.3513625072, 43.7751531673)}"
195,194,306,St Ursula,215 Livingston Rd,Scarborough,M1E 1L8,E,Open,"{u'type': u'Point', u'coordinates': (-79.1996603997, 43.7497922145)}"
196,196,227,St Vincent De Paul,116 Fermanagh Ave,former Toronto,M6R 1M2,E,Open,"{u'type': u'Point', u'coordinates': (-79.4479230169, 43.6468292694)}"
197,197,313,St Wilfrid,1685 Finch Ave W,North York,M3J 2G8,E,Open,"{u'type': u'Point', u'coordinates': (-79.5025543072, 43.7599168793)}"
198,198,371,Stella Maris,31 Ascot Ave,former Toronto,M6E 1E6,E,Open,"{u'type': u'Point', u'coordinates': (-79.4452161406, 43.6796507363)}"
199,199,398,Sts Cosmas and Damian,111 Danesbury Ave,North York,M6B 3L3,E,Open,"{u'type': u'Point', u'coordinates': (-79.4455683603, 43.7065900569)}"
200,200,414,The Divine Infant,30 Ingleton Blvd,Scarborough,M1V 3H7,E,Open,"{u'type': u'Point', u'coordinates': (-79.2703314545, 43.8218114975)}"
201,201,276,Transfiguration,55 Ludstone Dr,Etobicoke,M9R 2J2,E,Open,"{u'type': u'Point', u'coordinates': (-79.5628707286, 43.6915212587)}"
202,202,417,The Holy Trinity,6 Colonel Samuel Smith Park Dr,Etobicoke,M8V 4B7,E,Open,"{u'type': u'Point', u'coordinates': (-79.5171129579, 43.5972763443)}"
203,203,397,Venerable John Merlini,123 Whitfield Ave,North York,M9L 1G9,E,Open,"{u'type': u'Point', u'coordinates': (-79.5793835599, 43.7564805896)}"
204,204,247,Our Lady of Victory,70 Guestville Ave,York,M6N 4N3,E,Open,"{u'type': u'Point', u'coordinates': (-79.4903147846, 43.6833211279)}"
205,205,255,St Edward,1 Botham Rd,North York,M2N 2J6,E,Open,"{u'type': u'Point', u'coordinates': (-79.4134060832, 43.7539518153)}"
206,206,239,Our Lady of Perpetual Help,1 1/2 Garfield Ave,former Toronto,M4T 1E6,E,Open,"{u'type': u'Point', u'coordinates': (-79.383304882, 43.6872984914)}"
207,207,291,St Josaphat,110 Tenth St,Etobicoke,M8V 3G1,E,Open,"{u'type': u'Point', u'coordinates': (-79.5090595342, 43.5992985583)}"
208,208,412,North East SAL Program,100 Fundy Bay Blvd,Scarborough,M1W 3G1,AL,Open,"{u'type': u'Point', u'coordinates': (-79.3166033667, 43.8093505389)}"
209,209,848,East Facilities,97 Railside Rd,North York,M3A 1B2,ADM,Open,"{u'type': u'Point', u'coordinates': (-79.3240650498, 43.7355097864)}"
210,210,849,West Facilities,18 Beverly Hills Dr,North York,M3L 1A1,ADM,Open,"{u'type': u'Point', u'coordinates': (-79.5096033383, 43.7190601269)}"
